index,node,p_max,q_max,cost
g1,0,1000,1000,20
g2,1,0.8,0.4,11.9151853
g3,2,0.8,0.4,13.35214144
g4,3,0.8,0.4,9.119819407
g5,4,0.8,0.4,6.517090587
g6,5,0.8,0.4,10.83767287
g7,6,0.8,0.4,11.74423033
g8,7,0.8,0.4,8.71063386
g9,8,0.8,0.4,11.49565367
g10,9,0.8,0.4,12.17559338
g11,10,0.8,0.4,8.916856664
g12,11,0.8,0.4,10.54907505
g13,12,0.8,0.4,10.37523049
g14,13,0.8,0.4,11.28177245
g15,14,0.8,0.4,10.40924863
